{"cameraMode":{"drawMode":0,"name":"Shaded","section":"Shading Mode"},"sceneLighting":false,"audioPlay":false,"sceneViewState":{"m_AlwaysRefresh":false,"showFog":true,"showSkybox":false,"showFlares":true,"showImageEffects":true,"showParticleSystems":true,"showVisualEffectGraphs":true,"m_FxEnabled":true},"in2DMode":false,"pivot":{"x":-1.6691718101501465,"y":-0.7274235486984253,"z":-0.25103074312210085},"rotation":{"x":-0.21804998815059663,"y":-0.1159214973449707,"z":0.02609415166079998,"w":-0.9686812162399292},"size":1.124040126800537,"orthographic":false}