{"cameraMode":{"drawMode":0,"name":"Shaded","section":"Shading Mode"},"sceneLighting":false,"audioPlay":false,"sceneViewState":{"m_AlwaysRefresh":false,"showFog":true,"showSkybox":false,"showFlares":true,"showImageEffects":true,"showParticleSystems":true,"showVisualEffectGraphs":true,"m_FxEnabled":true},"in2DMode":false,"pivot":{"x":-1.2193025350570679,"y":0.23929479718208314,"z":-0.10263857990503311},"rotation":{"x":-0.21804998815059663,"y":-0.1159214973449707,"z":0.02609415166079998,"w":-0.9686812162399292},"size":0.46641334891319277,"orthographic":false}